"","SRA","SRS","SP","PROTOCOL","TISSUE","CELL","NGENES","TOTALCOUNT","MTCOUNT","MTRATIO","CT"
"AAAGCGGTGACG","SRA666103","SRS3038429","Mus musculus","drop-seq","Renal cortex","AAAGCGGTGACG",461,1060,312,0.294339622641509,"Proximal tubule cells"
"AACGCACGCGTA","SRA666103","SRS3038429","Mus musculus","drop-seq","Renal cortex","AACGCACGCGTA",557,1083,273,0.25207756232687,"Proximal tubule cells"
"AACTGGCATCGC","SRA666103","SRS3038429","Mus musculus","drop-seq","Renal cortex","AACTGGCATCGC",1923,4522,548,0.121185316231756,"Proximal tubule cells"
"AAGAAGAGGTTC","SRA666103","SRS3038429","Mus musculus","drop-seq","Renal cortex","AAGAAGAGGTTC",708,1152,128,0.111111111111111,"Proximal tubule cells"
"AAGATGCGCATC","SRA666103","SRS3038429","Mus musculus","drop-seq","Renal cortex","AAGATGCGCATC",1271,2848,478,0.167837078651685,"Distal tubule cells"
"AAGCCCTCACGG","SRA666103","SRS3038429","Mus musculus","drop-seq","Renal cortex","AAGCCCTCACGG",815,2058,615,0.298833819241982,"Proximal tubule cells"
"AAGGAGCAACGA","SRA666103","SRS3038429","Mus musculus","drop-seq","Renal cortex","AAGGAGCAACGA",709,1788,473,0.264541387024608,"Distal tubule cells"
"AAGTCTTGGTCG","SRA666103","SRS3038429","Mus musculus","drop-seq","Renal cortex","AAGTCTTGGTCG",411,1595,805,0.504702194357367,"Proximal tubule cells"
"AAGTTCGATCGT","SRA666103","SRS3038429","Mus musculus","drop-seq","Renal cortex","AAGTTCGATCGT",692,2033,765,0.376291195277914,"Proximal tubule cells"
"ACAAGGGGTCAG","SRA666103","SRS3038429","Mus musculus","drop-seq","Renal cortex","ACAAGGGGTCAG",769,1435,258,0.179790940766551,"Proximal tubule cells"
"ACAGACAGGAGG","SRA666103","SRS3038429","Mus musculus","drop-seq","Renal cortex","ACAGACAGGAGG",1495,3219,534,0.165890027958993,"Proximal tubule cells"
"ACCACACGATCA","SRA666103","SRS3038429","Mus musculus","drop-seq","Renal cortex","ACCACACGATCA",491,1116,300,0.268817204301075,"Distal tubule cells"
"ACCTTGGAAGGG","SRA666103","SRS3038429","Mus musculus","drop-seq","Renal cortex","ACCTTGGAAGGG",401,1212,556,0.458745874587459,"Proximal tubule cells"
"ACGATACATGTG","SRA666103","SRS3038429","Mus musculus","drop-seq","Renal cortex","ACGATACATGTG",446,1036,298,0.287644787644788,"Distal tubule cells"
"ACGATAGGGTCT","SRA666103","SRS3038429","Mus musculus","drop-seq","Renal cortex","ACGATAGGGTCT",377,1483,784,0.528658125421443,"Proximal tubule cells"
"ACGGTGGAATAG","SRA666103","SRS3038429","Mus musculus","drop-seq","Renal cortex","ACGGTGGAATAG",526,1133,268,0.236540158870256,"Distal tubule cells"
"ACTCAATCCTGA","SRA666103","SRS3038429","Mus musculus","drop-seq","Renal cortex","ACTCAATCCTGA",529,2305,1216,0.527548806941432,"Proximal tubule cells"
"ACTCCATAGGTT","SRA666103","SRS3038429","Mus musculus","drop-seq","Renal cortex","ACTCCATAGGTT",534,1895,891,0.470184696569921,"Proximal tubule cells"
"ACTCTTGCTATC","SRA666103","SRS3038429","Mus musculus","drop-seq","Renal cortex","ACTCTTGCTATC",745,1399,295,0.210864903502502,"Proximal tubule cells"
"ACTGGATATCTA","SRA666103","SRS3038429","Mus musculus","drop-seq","Renal cortex","ACTGGATATCTA",1006,2507,477,0.190267251695253,"Proximal tubule cells"
"ACTGTAAAGGTT","SRA666103","SRS3038429","Mus musculus","drop-seq","Renal cortex","ACTGTAAAGGTT",837,1631,235,0.144083384426732,"Proximal tubule cells"
"AGAACTCGACTC","SRA666103","SRS3038429","Mus musculus","drop-seq","Renal cortex","AGAACTCGACTC",711,1344,242,0.180059523809524,"Proximal tubule cells"
"AGACTGGTTGAT","SRA666103","SRS3038429","Mus musculus","drop-seq","Renal cortex","AGACTGGTTGAT",475,1050,312,0.297142857142857,"Proximal tubule cells"
"AGATTCCGACGC","SRA666103","SRS3038429","Mus musculus","drop-seq","Renal cortex","AGATTCCGACGC",660,1943,741,0.381369016984045,"Proximal tubule cells"
"AGCGGACGCGTA","SRA666103","SRS3038429","Mus musculus","drop-seq","Renal cortex","AGCGGACGCGTA",1339,2768,372,0.134393063583815,"Proximal tubule cells"
"AGCTATAATGCT","SRA666103","SRS3038429","Mus musculus","drop-seq","Renal cortex","AGCTATAATGCT",2892,8113,1063,0.131024282016517,"Proximal tubule cells"
"AGGAACTACGCA","SRA666103","SRS3038429","Mus musculus","drop-seq","Renal cortex","AGGAACTACGCA",679,1133,163,0.143865842894969,"Proximal tubule cells"
"AGGAGACCGAGG","SRA666103","SRS3038429","Mus musculus","drop-seq","Renal cortex","AGGAGACCGAGG",3999,18593,2930,0.157586188350454,"Proximal tubule cells"
"AGGATAGAGGAT","SRA666103","SRS3038429","Mus musculus","drop-seq","Renal cortex","AGGATAGAGGAT",1325,2564,353,0.137675507020281,"Proximal tubule cells"
"AGGCAGTGGGCC","SRA666103","SRS3038429","Mus musculus","drop-seq","Renal cortex","AGGCAGTGGGCC",779,1245,131,0.105220883534137,"Proximal tubule cells"
"AGTAACAGTACC","SRA666103","SRS3038429","Mus musculus","drop-seq","Renal cortex","AGTAACAGTACC",746,1404,249,0.177350427350427,"Proximal tubule cells"
"AGTAGATTAAGT","SRA666103","SRS3038429","Mus musculus","drop-seq","Renal cortex","AGTAGATTAAGT",701,1766,569,0.322197055492639,"Proximal tubule cells"
"AGTCGAGGCACA","SRA666103","SRS3038429","Mus musculus","drop-seq","Renal cortex","AGTCGAGGCACA",2861,9173,1117,0.121770413169083,"Proximal tubule cells"
"AGTGATACATGC","SRA666103","SRS3038429","Mus musculus","drop-seq","Renal cortex","AGTGATACATGC",476,1256,501,0.398885350318471,"Proximal tubule cells"
"ATACGATAGCGT","SRA666103","SRS3038429","Mus musculus","drop-seq","Renal cortex","ATACGATAGCGT",726,1440,289,0.200694444444444,"Proximal tubule cells"
"ATCCGTCTCGAA","SRA666103","SRS3038429","Mus musculus","drop-seq","Renal cortex","ATCCGTCTCGAA",589,1543,452,0.292935839274141,"Distal tubule cells"
"ATCCGTCTCGAC","SRA666103","SRS3038429","Mus musculus","drop-seq","Renal cortex","ATCCGTCTCGAC",654,1865,558,0.299195710455764,"Proximal tubule cells"
"ATCCGTCTCGAG","SRA666103","SRS3038429","Mus musculus","drop-seq","Renal cortex","ATCCGTCTCGAG",485,1356,422,0.311209439528024,"Proximal tubule cells"
"ATCCGTCTCGAT","SRA666103","SRS3038429","Mus musculus","drop-seq","Renal cortex","ATCCGTCTCGAT",518,1383,406,0.293564714389009,"Distal tubule cells"
"ATCGGGAATGGA","SRA666103","SRS3038429","Mus musculus","drop-seq","Renal cortex","ATCGGGAATGGA",513,1154,364,0.315424610051993,"Proximal tubule cells"
"ATCTCGAAGCGT","SRA666103","SRS3038429","Mus musculus","drop-seq","Renal cortex","ATCTCGAAGCGT",890,1616,201,0.124381188118812,"Proximal tubule cells"
"ATGGCTGTAGCC","SRA666103","SRS3038429","Mus musculus","drop-seq","Renal cortex","ATGGCTGTAGCC",789,3408,1648,0.483568075117371,"Proximal tubule cells"
"ATGGCTTCCTGG","SRA666103","SRS3038429","Mus musculus","drop-seq","Renal cortex","ATGGCTTCCTGG",906,1904,397,0.208508403361345,"Distal tubule cells"
"ATGGTACTAACC","SRA666103","SRS3038429","Mus musculus","drop-seq","Renal cortex","ATGGTACTAACC",602,1095,228,0.208219178082192,"Proximal tubule cells"
"ATGTTCGCTTCT","SRA666103","SRS3038429","Mus musculus","drop-seq","Renal cortex","ATGTTCGCTTCT",2476,6554,866,0.132133048519988,"Proximal tubule cells"
"ATTACATCAATA","SRA666103","SRS3038429","Mus musculus","drop-seq","Renal cortex","ATTACATCAATA",1218,2477,324,0.130803391199031,"Proximal tubule cells"
"ATTATATTACAT","SRA666103","SRS3038429","Mus musculus","drop-seq","Renal cortex","ATTATATTACAT",754,1440,222,0.154166666666667,"Proximal tubule cells"
"ATTATCGCTTAT","SRA666103","SRS3038429","Mus musculus","drop-seq","Renal cortex","ATTATCGCTTAT",302,1435,802,0.558885017421603,"Proximal tubule cells"
"ATTGTCACATGG","SRA666103","SRS3038429","Mus musculus","drop-seq","Renal cortex","ATTGTCACATGG",611,2518,1306,0.518665607625099,"Proximal tubule cells"
"ATTTCAGCGCAT","SRA666103","SRS3038429","Mus musculus","drop-seq","Renal cortex","ATTTCAGCGCAT",768,1645,346,0.210334346504559,"Distal tubule cells"
"CACTATTCGCCC","SRA666103","SRS3038429","Mus musculus","drop-seq","Renal cortex","CACTATTCGCCC",823,1429,239,0.167249825052484,"Proximal tubule cells"
"CAGTGTACATCG","SRA666103","SRS3038429","Mus musculus","drop-seq","Renal cortex","CAGTGTACATCG",940,2283,524,0.22952255803767,"Proximal tubule cells"
"CATGCGCTCTTT","SRA666103","SRS3038429","Mus musculus","drop-seq","Renal cortex","CATGCGCTCTTT",857,3086,1291,0.418340894361633,"Proximal tubule cells"
"CCAATAGAAGAG","SRA666103","SRS3038429","Mus musculus","drop-seq","Renal cortex","CCAATAGAAGAG",1066,2153,420,0.195076637250348,"Distal tubule cells"
"CCCGTGAGACCA","SRA666103","SRS3038429","Mus musculus","drop-seq","Renal cortex","CCCGTGAGACCA",883,1776,277,0.155968468468468,"Proximal tubule cells"
"CCCTAAACAGGT","SRA666103","SRS3038429","Mus musculus","drop-seq","Renal cortex","CCCTAAACAGGT",405,1362,666,0.488986784140969,"Proximal tubule cells"
"CCTGAACTACGG","SRA666103","SRS3038429","Mus musculus","drop-seq","Renal cortex","CCTGAACTACGG",361,1119,513,0.458445040214477,"Proximal tubule cells"
"CCTTAGGCAGGT","SRA666103","SRS3038429","Mus musculus","drop-seq","Renal cortex","CCTTAGGCAGGT",893,1502,156,0.103861517976032,"Proximal tubule cells"
"CCTTATGTCTCC","SRA666103","SRS3038429","Mus musculus","drop-seq","Renal cortex","CCTTATGTCTCC",1203,2670,437,0.163670411985019,"Proximal tubule cells"
"CGCCGCTAAGTT","SRA666103","SRS3038429","Mus musculus","drop-seq","Renal cortex","CGCCGCTAAGTT",1286,2534,406,0.160220994475138,"Proximal tubule cells"
"CGCCGGCCGTCT","SRA666103","SRS3038429","Mus musculus","drop-seq","Renal cortex","CGCCGGCCGTCT",720,1245,217,0.17429718875502,"Proximal tubule cells"
"CGCTAGATCGAA","SRA666103","SRS3038429","Mus musculus","drop-seq","Renal cortex","CGCTAGATCGAA",746,1251,183,0.146282973621103,"Proximal tubule cells"
"CGCTGCATATAT","SRA666103","SRS3038429","Mus musculus","drop-seq","Renal cortex","CGCTGCATATAT",572,1158,258,0.22279792746114,"Proximal tubule cells"
"CGGAGCAGTTGT","SRA666103","SRS3038429","Mus musculus","drop-seq","Renal cortex","CGGAGCAGTTGT",394,1035,431,0.416425120772947,"Proximal tubule cells"
"CGTAAAGCCCTC","SRA666103","SRS3038429","Mus musculus","drop-seq","Renal cortex","CGTAAAGCCCTC",1082,1926,243,0.126168224299065,"Distal tubule cells"
"CGTACTCCCGGC","SRA666103","SRS3038429","Mus musculus","drop-seq","Renal cortex","CGTACTCCCGGC",661,1255,201,0.160159362549801,"Proximal tubule cells"
"CGTCGGCCTATT","SRA666103","SRS3038429","Mus musculus","drop-seq","Renal cortex","CGTCGGCCTATT",592,1914,837,0.43730407523511,"Proximal tubule cells"
"CTACAGGTAATT","SRA666103","SRS3038429","Mus musculus","drop-seq","Renal cortex","CTACAGGTAATT",618,1242,291,0.234299516908213,"Proximal tubule cells"
"CTATAACTCCAT","SRA666103","SRS3038429","Mus musculus","drop-seq","Renal cortex","CTATAACTCCAT",4161,17311,2620,0.151348853330252,"Proximal tubule cells"
"CTCGGAATTAGG","SRA666103","SRS3038429","Mus musculus","drop-seq","Renal cortex","CTCGGAATTAGG",286,1278,720,0.563380281690141,"Proximal tubule cells"
"CTGTATGAGGTC","SRA666103","SRS3038429","Mus musculus","drop-seq","Renal cortex","CTGTATGAGGTC",923,1651,305,0.1847365233192,"Proximal tubule cells"
"CTTGTCTCCCGC","SRA666103","SRS3038429","Mus musculus","drop-seq","Renal cortex","CTTGTCTCCCGC",459,1285,472,0.367315175097276,"Distal tubule cells"
"GAAATAGTCACT","SRA666103","SRS3038429","Mus musculus","drop-seq","Renal cortex","GAAATAGTCACT",2505,7042,1048,0.148821357568872,"Proximal tubule cells"
"GAACTATAAGCA","SRA666103","SRS3038429","Mus musculus","drop-seq","Renal cortex","GAACTATAAGCA",998,2775,721,0.25981981981982,"Distal tubule cells"
"GAAGGATTGTCT","SRA666103","SRS3038429","Mus musculus","drop-seq","Renal cortex","GAAGGATTGTCT",1037,2499,547,0.218887555022009,"Proximal tubule cells"
"GAAGGGCATGGT","SRA666103","SRS3038429","Mus musculus","drop-seq","Renal cortex","GAAGGGCATGGT",2007,5404,851,0.157475943745374,"Proximal tubule cells"
"GAATGAAGAGGG","SRA666103","SRS3038429","Mus musculus","drop-seq","Renal cortex","GAATGAAGAGGG",1390,3139,518,0.165020707231602,"Proximal tubule cells"
"GAATGCGCGTTC","SRA666103","SRS3038429","Mus musculus","drop-seq","Renal cortex","GAATGCGCGTTC",365,1277,609,0.476898981989037,"Proximal tubule cells"
"GACATGCATCTT","SRA666103","SRS3038429","Mus musculus","drop-seq","Renal cortex","GACATGCATCTT",1146,2556,420,0.164319248826291,"Proximal tubule cells"
"GAGAGTCGCTCT","SRA666103","SRS3038429","Mus musculus","drop-seq","Renal cortex","GAGAGTCGCTCT",401,1173,496,0.422847399829497,"Proximal tubule cells"
"GAGCCCACAATT","SRA666103","SRS3038429","Mus musculus","drop-seq","Renal cortex","GAGCCCACAATT",632,1050,154,0.146666666666667,"Proximal tubule cells"
"GAGCTTCCGTGC","SRA666103","SRS3038429","Mus musculus","drop-seq","Renal cortex","GAGCTTCCGTGC",1403,3128,474,0.15153452685422,"Proximal tubule cells"
"GATCATACAGAA","SRA666103","SRS3038429","Mus musculus","drop-seq","Renal cortex","GATCATACAGAA",451,1002,322,0.321357285429142,"Proximal tubule cells"
"GCAGACAGGAGG","SRA666103","SRS3038429","Mus musculus","drop-seq","Renal cortex","GCAGACAGGAGG",642,1033,74,0.0716360116166505,"Proximal tubule cells"
"GCATCACCAAGA","SRA666103","SRS3038429","Mus musculus","drop-seq","Renal cortex","GCATCACCAAGA",807,1670,318,0.190419161676647,"Proximal tubule cells"
"GCATGATCTCAA","SRA666103","SRS3038429","Mus musculus","drop-seq","Renal cortex","GCATGATCTCAA",969,2084,459,0.220249520153551,"Distal tubule cells"
"GCATTTCGGATA","SRA666103","SRS3038429","Mus musculus","drop-seq","Renal cortex","GCATTTCGGATA",790,1571,278,0.176957352005092,"Proximal tubule cells"
"GCCAAGCACAAA","SRA666103","SRS3038429","Mus musculus","drop-seq","Renal cortex","GCCAAGCACAAA",1490,3450,491,0.14231884057971,"Proximal tubule cells"
"GCCCGCTTCGGT","SRA666103","SRS3038429","Mus musculus","drop-seq","Renal cortex","GCCCGCTTCGGT",872,1913,372,0.194458964976477,"Distal tubule cells"
"GCCGCTTGCTTA","SRA666103","SRS3038429","Mus musculus","drop-seq","Renal cortex","GCCGCTTGCTTA",1288,2729,411,0.150604617075852,"Proximal tubule cells"
"GCCTCGATCCGA","SRA666103","SRS3038429","Mus musculus","drop-seq","Renal cortex","GCCTCGATCCGA",941,1768,272,0.153846153846154,"Distal tubule cells"
"GCCTCTTCTTTT","SRA666103","SRS3038429","Mus musculus","drop-seq","Renal cortex","GCCTCTTCTTTT",218,1179,762,0.646310432569975,"Proximal tubule cells"
"GCGCCTGCCACT","SRA666103","SRS3038429","Mus musculus","drop-seq","Renal cortex","GCGCCTGCCACT",1589,3574,439,0.122831561275881,"Proximal tubule cells"
"GCGGTCACTGAT","SRA666103","SRS3038429","Mus musculus","drop-seq","Renal cortex","GCGGTCACTGAT",782,1230,176,0.143089430894309,"Proximal tubule cells"
"GCGTATGAGTCC","SRA666103","SRS3038429","Mus musculus","drop-seq","Renal cortex","GCGTATGAGTCC",1410,3186,572,0.179535467671061,"Proximal tubule cells"
"GCTGCCAACCTG","SRA666103","SRS3038429","Mus musculus","drop-seq","Renal cortex","GCTGCCAACCTG",1787,4474,556,0.124273580688422,"Proximal tubule cells"
"GCTGGATATCTA","SRA666103","SRS3038429","Mus musculus","drop-seq","Renal cortex","GCTGGATATCTA",524,1055,131,0.124170616113744,"Proximal tubule cells"
"GCTTGTTATACC","SRA666103","SRS3038429","Mus musculus","drop-seq","Renal cortex","GCTTGTTATACC",847,1376,110,0.0799418604651163,"Proximal tubule cells"
"GCTTTATTCGGA","SRA666103","SRS3038429","Mus musculus","drop-seq","Renal cortex","GCTTTATTCGGA",349,1883,1125,0.597450876261285,"Proximal tubule cells"
"GGACGATGGAAT","SRA666103","SRS3038429","Mus musculus","drop-seq","Renal cortex","GGACGATGGAAT",330,1132,550,0.485865724381625,"Proximal tubule cells"
"GGATTCACTGGT","SRA666103","SRS3038429","Mus musculus","drop-seq","Renal cortex","GGATTCACTGGT",1198,4976,2197,0.441519292604502,"Proximal tubule cells"
"GGCAATTACTTC","SRA666103","SRS3038429","Mus musculus","drop-seq","Renal cortex","GGCAATTACTTC",161,1034,676,0.653771760154739,"Proximal tubule cells"
"GGCCCTTGCTGA","SRA666103","SRS3038429","Mus musculus","drop-seq","Renal cortex","GGCCCTTGCTGA",2004,5053,710,0.140510587769642,"Proximal tubule cells"
"GGCCCTTGCTGC","SRA666103","SRS3038429","Mus musculus","drop-seq","Renal cortex","GGCCCTTGCTGC",2036,5252,717,0.136519421172887,"Proximal tubule cells"
"GGCCCTTGCTGG","SRA666103","SRS3038429","Mus musculus","drop-seq","Renal cortex","GGCCCTTGCTGG",2313,6363,830,0.13044161559013,"Proximal tubule cells"
"GGCCCTTGCTGT","SRA666103","SRS3038429","Mus musculus","drop-seq","Renal cortex","GGCCCTTGCTGT",1518,3373,430,0.127482952860955,"Proximal tubule cells"
"GGCCGTGGAAGG","SRA666103","SRS3038429","Mus musculus","drop-seq","Renal cortex","GGCCGTGGAAGG",646,1680,530,0.31547619047619,"Distal tubule cells"
"GGCCTCACCAGT","SRA666103","SRS3038429","Mus musculus","drop-seq","Renal cortex","GGCCTCACCAGT",419,1636,817,0.499388753056235,"Proximal tubule cells"
"GGCCTTGGTATG","SRA666103","SRS3038429","Mus musculus","drop-seq","Renal cortex","GGCCTTGGTATG",386,1289,621,0.481768813033359,"Proximal tubule cells"
"GGCGGACGCGTA","SRA666103","SRS3038429","Mus musculus","drop-seq","Renal cortex","GGCGGACGCGTA",678,1107,74,0.0668473351400181,"Proximal tubule cells"
"GGCTATAATGCT","SRA666103","SRS3038429","Mus musculus","drop-seq","Renal cortex","GGCTATAATGCT",1525,3012,185,0.0614209827357238,"Proximal tubule cells"
"GGGAAGCCATAT","SRA666103","SRS3038429","Mus musculus","drop-seq","Renal cortex","GGGAAGCCATAT",443,2089,1091,0.522259454284347,"Proximal tubule cells"
"GGGAGACCGAGG","SRA666103","SRS3038429","Mus musculus","drop-seq","Renal cortex","GGGAGACCGAGG",2047,6177,595,0.0963250768981706,"Proximal tubule cells"
"GGGGCAGGTCAT","SRA666103","SRS3038429","Mus musculus","drop-seq","Renal cortex","GGGGCAGGTCAT",179,1014,632,0.6232741617357,"Proximal tubule cells"
"GGGGGGGGGGGG","SRA666103","SRS3038429","Mus musculus","drop-seq","Renal cortex","GGGGGGGGGGGG",1192,1198,13,0.0108514190317195,"Proximal tubule cells"
"GGTAAGGAGGAG","SRA666103","SRS3038429","Mus musculus","drop-seq","Renal cortex","GGTAAGGAGGAG",475,1076,354,0.328996282527881,"Proximal tubule cells"
"GGTAGCTATACC","SRA666103","SRS3038429","Mus musculus","drop-seq","Renal cortex","GGTAGCTATACC",601,1103,210,0.190389845874887,"Proximal tubule cells"
"GGTCGAGGCACA","SRA666103","SRS3038429","Mus musculus","drop-seq","Renal cortex","GGTCGAGGCACA",1416,3124,194,0.0620998719590269,"Proximal tubule cells"
"GTCCGTCGGCGC","SRA666103","SRS3038429","Mus musculus","drop-seq","Renal cortex","GTCCGTCGGCGC",1866,4018,479,0.119213539074166,"Proximal tubule cells"
"GTCGTCATATTA","SRA666103","SRS3038429","Mus musculus","drop-seq","Renal cortex","GTCGTCATATTA",1211,2471,450,0.182112505058681,"Distal tubule cells"
"GTGTTCGCTTCT","SRA666103","SRS3038429","Mus musculus","drop-seq","Renal cortex","GTGTTCGCTTCT",901,1524,68,0.0446194225721785,"Proximal tubule cells"
"GTTCCGAGATCT","SRA666103","SRS3038429","Mus musculus","drop-seq","Renal cortex","GTTCCGAGATCT",466,1687,828,0.490812092471843,"Proximal tubule cells"
"TAAACCTCCCCT","SRA666103","SRS3038429","Mus musculus","drop-seq","Renal cortex","TAAACCTCCCCT",757,3320,1697,0.511144578313253,"Proximal tubule cells"
"TAACCGTAATGT","SRA666103","SRS3038429","Mus musculus","drop-seq","Renal cortex","TAACCGTAATGT",1311,2544,244,0.0959119496855346,"Proximal tubule cells"
"TAACGAGCTGTT","SRA666103","SRS3038429","Mus musculus","drop-seq","Renal cortex","TAACGAGCTGTT",1629,3993,735,0.184072126220887,"Proximal tubule cells"
"TAAGACGAGGCC","SRA666103","SRS3038429","Mus musculus","drop-seq","Renal cortex","TAAGACGAGGCC",1241,2725,556,0.204036697247706,"Proximal tubule cells"
"TAATACATCCCA","SRA666103","SRS3038429","Mus musculus","drop-seq","Renal cortex","TAATACATCCCA",881,2781,1071,0.385113268608414,"Proximal tubule cells"
"TAATCTCTAAAC","SRA666103","SRS3038429","Mus musculus","drop-seq","Renal cortex","TAATCTCTAAAC",3636,13367,2312,0.172963267748934,"Distal tubule cells"
"TACAAGGATACG","SRA666103","SRS3038429","Mus musculus","drop-seq","Renal cortex","TACAAGGATACG",556,2119,1036,0.488909863142992,"Proximal tubule cells"
"TACATGCGCCAT","SRA666103","SRS3038429","Mus musculus","drop-seq","Renal cortex","TACATGCGCCAT",1824,4347,613,0.141016793190706,"Proximal tubule cells"
"TACCCTTGGGAC","SRA666103","SRS3038429","Mus musculus","drop-seq","Renal cortex","TACCCTTGGGAC",1350,2559,272,0.106291520125049,"Proximal tubule cells"
"TAGAAACTATGC","SRA666103","SRS3038429","Mus musculus","drop-seq","Renal cortex","TAGAAACTATGC",2808,6783,1149,0.169394073418841,"Proximal tubule cells"
"TAGAGATCAGCG","SRA666103","SRS3038429","Mus musculus","drop-seq","Renal cortex","TAGAGATCAGCG",878,1978,440,0.222446916076845,"Proximal tubule cells"
"TATCAAAACTTA","SRA666103","SRS3038429","Mus musculus","drop-seq","Renal cortex","TATCAAAACTTA",1390,3071,571,0.18593292087268,"Proximal tubule cells"
"TATCTCCCTGCC","SRA666103","SRS3038429","Mus musculus","drop-seq","Renal cortex","TATCTCCCTGCC",972,1880,317,0.168617021276596,"Proximal tubule cells"
"TATGATCCCCCT","SRA666103","SRS3038429","Mus musculus","drop-seq","Renal cortex","TATGATCCCCCT",731,1464,328,0.224043715846995,"Proximal tubule cells"
"TATGTCCCAGTG","SRA666103","SRS3038429","Mus musculus","drop-seq","Renal cortex","TATGTCCCAGTG",767,2007,622,0.309915296462382,"Proximal tubule cells"
"TCAAATCTGGGC","SRA666103","SRS3038429","Mus musculus","drop-seq","Renal cortex","TCAAATCTGGGC",1766,4668,842,0.180377035132819,"Proximal tubule cells"
"TCACGGTTCAAG","SRA666103","SRS3038429","Mus musculus","drop-seq","Renal cortex","TCACGGTTCAAG",595,1257,299,0.237867939538584,"Proximal tubule cells"
"TCCCTGCAGTTC","SRA666103","SRS3038429","Mus musculus","drop-seq","Renal cortex","TCCCTGCAGTTC",710,1262,210,0.166402535657686,"Proximal tubule cells"
"TCGACAACTAAC","SRA666103","SRS3038429","Mus musculus","drop-seq","Renal cortex","TCGACAACTAAC",1184,2260,326,0.144247787610619,"Distal tubule cells"
"TCGATAAGAAAG","SRA666103","SRS3038429","Mus musculus","drop-seq","Renal cortex","TCGATAAGAAAG",355,1302,674,0.517665130568356,"Proximal tubule cells"
"TCGCGCCCTATA","SRA666103","SRS3038429","Mus musculus","drop-seq","Renal cortex","TCGCGCCCTATA",697,1466,333,0.227148703956344,"Proximal tubule cells"
"TCGTAGCCACTC","SRA666103","SRS3038429","Mus musculus","drop-seq","Renal cortex","TCGTAGCCACTC",5625,32950,3880,0.117754172989378,"Proximal tubule cells"
"TCTCTTTGACAA","SRA666103","SRS3038429","Mus musculus","drop-seq","Renal cortex","TCTCTTTGACAA",683,1314,251,0.191019786910198,"Distal tubule cells"
"TCTTCCGCGAAC","SRA666103","SRS3038429","Mus musculus","drop-seq","Renal cortex","TCTTCCGCGAAC",920,1531,153,0.0999346832135859,"Proximal tubule cells"
"TGAGCGGGGGCA","SRA666103","SRS3038429","Mus musculus","drop-seq","Renal cortex","TGAGCGGGGGCA",450,1207,446,0.369511184755592,"Proximal tubule cells"
"TGATACCCAATG","SRA666103","SRS3038429","Mus musculus","drop-seq","Renal cortex","TGATACCCAATG",623,1072,193,0.180037313432836,"Proximal tubule cells"
"TGATCATCGATA","SRA666103","SRS3038429","Mus musculus","drop-seq","Renal cortex","TGATCATCGATA",441,1603,788,0.491578290704928,"Proximal tubule cells"
"TGATTATCGAAA","SRA666103","SRS3038429","Mus musculus","drop-seq","Renal cortex","TGATTATCGAAA",922,3472,1515,0.436347926267281,"Proximal tubule cells"
"TGCTCCGAAGCG","SRA666103","SRS3038429","Mus musculus","drop-seq","Renal cortex","TGCTCCGAAGCG",492,1009,242,0.2398414271556,"Proximal tubule cells"
"TGCTGTGCTGTC","SRA666103","SRS3038429","Mus musculus","drop-seq","Renal cortex","TGCTGTGCTGTC",2394,5586,546,0.0977443609022556,"Proximal tubule cells"
"TGGCATACGGGT","SRA666103","SRS3038429","Mus musculus","drop-seq","Renal cortex","TGGCATACGGGT",3978,17491,2951,0.168715339317363,"Distal tubule cells"
"TGTCGTATATCA","SRA666103","SRS3038429","Mus musculus","drop-seq","Renal cortex","TGTCGTATATCA",3135,10261,1394,0.135854205243154,"Proximal tubule cells"
"TGTCGTATATCC","SRA666103","SRS3038429","Mus musculus","drop-seq","Renal cortex","TGTCGTATATCC",3313,10846,1425,0.131384842338189,"Proximal tubule cells"
"TGTCGTATATCG","SRA666103","SRS3038429","Mus musculus","drop-seq","Renal cortex","TGTCGTATATCG",2760,8224,1145,0.139226653696498,"Proximal tubule cells"
"TGTCGTATATCT","SRA666103","SRS3038429","Mus musculus","drop-seq","Renal cortex","TGTCGTATATCT",3424,11915,1554,0.130423835501469,"Proximal tubule cells"
"TGTGCTCAGCCT","SRA666103","SRS3038429","Mus musculus","drop-seq","Renal cortex","TGTGCTCAGCCT",901,1481,158,0.106684672518569,"Distal tubule cells"
"TTCCTAACTACA","SRA666103","SRS3038429","Mus musculus","drop-seq","Renal cortex","TTCCTAACTACA",1354,2644,331,0.125189107413011,"Proximal tubule cells"
"TTCGTAAGGCTG","SRA666103","SRS3038429","Mus musculus","drop-seq","Renal cortex","TTCGTAAGGCTG",493,1030,304,0.295145631067961,"Proximal tubule cells"
"TTCTCAAAATAA","SRA666103","SRS3038429","Mus musculus","drop-seq","Renal cortex","TTCTCAAAATAA",1084,2246,443,0.197239536954586,"Distal tubule cells"
"TTCTCGGGCTCG","SRA666103","SRS3038429","Mus musculus","drop-seq","Renal cortex","TTCTCGGGCTCG",591,1300,325,0.25,"Distal tubule cells"
"TTGAGGCCGTGG","SRA666103","SRS3038429","Mus musculus","drop-seq","Renal cortex","TTGAGGCCGTGG",426,1267,578,0.456195737963694,"Proximal tubule cells"
"TTGCATCCATCC","SRA666103","SRS3038429","Mus musculus","drop-seq","Renal cortex","TTGCATCCATCC",1865,4434,490,0.110509697789806,"Proximal tubule cells"
"TTGGCATATAGC","SRA666103","SRS3038429","Mus musculus","drop-seq","Renal cortex","TTGGCATATAGC",608,2613,1225,0.468809797168006,"Proximal tubule cells"
"TTGTCCAAGGTG","SRA666103","SRS3038429","Mus musculus","drop-seq","Renal cortex","TTGTCCAAGGTG",333,1381,750,0.54308472121651,"Proximal tubule cells"
"TTTAAGTGGGCG","SRA666103","SRS3038429","Mus musculus","drop-seq","Renal cortex","TTTAAGTGGGCG",746,1271,189,0.148701809598741,"Proximal tubule cells"
"TTTCCTATATTA","SRA666103","SRS3038429","Mus musculus","drop-seq","Renal cortex","TTTCCTATATTA",2801,8561,738,0.0862048826071721,"Proximal tubule cells"
"TTTGGCAGACCC","SRA666103","SRS3038429","Mus musculus","drop-seq","Renal cortex","TTTGGCAGACCC",1840,4610,610,0.132321041214751,"Proximal tubule cells"
"TTTGTTGGCCGA","SRA666103","SRS3038429","Mus musculus","drop-seq","Renal cortex","TTTGTTGGCCGA",901,2019,424,0.210004952947003,"Distal tubule cells"
